Validator,PT_VERSION,2.12.0
Validator,HIP_VERSION,714
Validator,HIPBLASLT_VERSION,100401-cd957402
Validator,GCN_ARCH_NAME,gfx1030
Validator,ROCBLAS_VERSION,5.5.0.cd957402
GemmTunableOp_Half_TN,tn_336_2048_10240_ld_10240_10240_336,Gemm_Rocblas_-1086326233,0.779801
GemmTunableOp_Half_TN,tn_10240_2048_320_ld_320_320_10240,Default,0.488664
GemmTunableOp_Half_TN,tn_4096_2048_2560_ld_2560_2560_4096,Gemm_Rocblas_-1086326252,1.78121
GemmTunableOp_Half_TN,tn_24_2048_2560_ld_2560_2560_24,Gemm_Rocblas_-1086326328,0.0562117
GemmTunableOp_Half_TN,tn_2560_2048_1536_ld_1536_1536_2560,Default,0.530412
GemmTunableOp_Half_TN,tn_512_2048_2560_ld_2560_2560_512,Gemm_Rocblas_-1086326236,0.209552
GemmTunableOp_Half_TN,tn_320_2048_2560_ld_2560_2560_320,Gemm_Rocblas_-1086326271,0.186278
GemmTunableOp_Half_TN,tn_2560_2048_160_ld_160_160_2560,Gemm_Rocblas_-1086326234,0.0659146
GemmTunableOp_Half_NN,nn_1_2048_2560_ld_1_2560_1,Gemm_Rocblas_-9,0.0326855
GemmTunableOp_Half_TN,tn_10240_2048_2560_ld_2560_2560_10240,Default,3.34168
GemmTunableOp_Half_TN,tn_2560_2048_2560_ld_2560_2560_2560,Default,0.974617
GemmTunableOp_Half_TN,tn_3584_2048_2560_ld_2560_2560_3584,Default,1.35529
GemmTunableOp_Half_TN,tn_320_2048_10240_ld_10240_10240_320,Gemm_Rocblas_-1086326233,0.747887
GemmTunableOp_Half_TN,tn_336_72_10240_ld_10240_10240_336,Gemm_Rocblas_-1086326329,0.111838
GemmTunableOp_Half_TN,tn_10240_72_320_ld_320_320_10240,Gemm_Rocblas_-1086326294,0.0510661
GemmTunableOp_Half_TN,tn_4096_72_2560_ld_2560_2560_4096,Gemm_Rocblas_-1086326267,0.135752
GemmTunableOp_Half_TN,tn_24_72_2560_ld_2560_2560_24,Gemm_Rocblas_-1086326403,0.0234147
GemmTunableOp_Half_TN,tn_2560_72_1536_ld_1536_1536_2560,Gemm_Rocblas_-1086326318,0.0680843
GemmTunableOp_Half_TN,tn_512_72_2560_ld_2560_2560_512,Gemm_Rocblas_-1086326318,0.0439156
GemmTunableOp_Half_TN,tn_320_72_2560_ld_2560_2560_320,Gemm_Rocblas_-1086326318,0.0422252
GemmTunableOp_Half_TN,tn_2560_72_160_ld_160_160_2560,Gemm_Rocblas_-1086326430,0.0150546
GemmTunableOp_Half_NN,nn_1_72_2560_ld_1_2560_1,Gemm_Rocblas_-9,0.0123049
GemmTunableOp_Half_TN,tn_10240_72_2560_ld_2560_2560_10240,Gemm_Rocblas_-1086326234,0.320203
GemmTunableOp_Half_TN,tn_2560_72_2560_ld_2560_2560_2560,Gemm_Rocblas_-1086326317,0.109578
GemmTunableOp_Half_TN,tn_3584_72_2560_ld_2560_2560_3584,Gemm_Rocblas_-1086326318,0.134249
GemmTunableOp_Half_TN,tn_640_72_2560_ld_2560_2560_640,Gemm_Rocblas_-1086326328,0.0500965
GemmTunableOp_Half_TN,tn_320_72_10240_ld_10240_10240_320,Gemm_Rocblas_-1086326329,0.115435
GemmTunableOp_Half_TN,tn_336_144_10240_ld_10240_10240_336,Gemm_Rocblas_-1086326329,0.112906
GemmTunableOp_Half_TN,tn_10240_144_320_ld_320_320_10240,Gemm_Rocblas_-1086326226,0.0662387
GemmTunableOp_Half_TN,tn_4096_144_2560_ld_2560_2560_4096,Gemm_Rocblas_-1086326462,0.209435
GemmTunableOp_Half_TN,tn_24_144_2560_ld_2560_2560_24,Gemm_Rocblas_-1086326395,0.0236834
GemmTunableOp_Half_TN,tn_2560_144_1536_ld_1536_1536_2560,Gemm_Rocblas_-1086326462,0.088942
GemmTunableOp_Half_TN,tn_512_144_2560_ld_2560_2560_512,Gemm_Rocblas_-1086326317,0.0509885
GemmTunableOp_Half_TN,tn_320_144_2560_ld_2560_2560_320,Gemm_Rocblas_-1086326318,0.0433896
GemmTunableOp_Half_TN,tn_2560_144_160_ld_160_160_2560,Gemm_Rocblas_-1086326444,0.0179754
GemmTunableOp_Half_NN,nn_1_144_2560_ld_1_2560_1,Gemm_Rocblas_-9,0.0122281
GemmTunableOp_Half_TN,tn_10240_144_2560_ld_2560_2560_10240,Gemm_Rocblas_-1086326457,0.53734
GemmTunableOp_Half_TN,tn_2560_144_2560_ld_2560_2560_2560,Gemm_Rocblas_-1086326462,0.138804
GemmTunableOp_Half_TN,tn_3584_144_2560_ld_2560_2560_3584,Gemm_Rocblas_-1086326233,0.195398
GemmTunableOp_Half_TN,tn_640_144_2560_ld_2560_2560_640,Gemm_Rocblas_-1086326323,0.0557534
GemmTunableOp_Half_TN,tn_320_144_10240_ld_10240_10240_320,Gemm_Rocblas_-1086326329,0.116585
GemmTunableOp_Half_TN,tn_336_220_10240_ld_10240_10240_336,Gemm_Rocblas_-1086326329,0.144184
GemmTunableOp_Half_TN,tn_10240_220_320_ld_320_320_10240,Gemm_Rocblas_-1086326226,0.0814908
GemmTunableOp_Half_TN,tn_4096_220_2560_ld_2560_2560_4096,Gemm_Rocblas_-1086326466,0.237181
GemmTunableOp_Half_TN,tn_24_220_2560_ld_2560_2560_24,Gemm_Rocblas_-1086326393,0.0276127
GemmTunableOp_Half_TN,tn_2560_220_1536_ld_1536_1536_2560,Gemm_Rocblas_-1086326249,0.124466
GemmTunableOp_Half_TN,tn_512_220_2560_ld_2560_2560_512,Gemm_Rocblas_-1086326323,0.054765
GemmTunableOp_Half_TN,tn_320_220_2560_ld_2560_2560_320,Gemm_Rocblas_-1086326325,0.0521113
GemmTunableOp_Half_TN,tn_2560_220_160_ld_160_160_2560,Gemm_Rocblas_-1086326242,0.0251166
GemmTunableOp_Half_NN,nn_1_220_2560_ld_1_2560_1,Gemm_Rocblas_-9,0.0121385
GemmTunableOp_Half_TN,tn_10240_220_2560_ld_2560_2560_10240,Gemm_Rocblas_-1086326234,0.538196
GemmTunableOp_Half_TN,tn_2560_220_2560_ld_2560_2560_2560,Gemm_Rocblas_-1086326317,0.199234
GemmTunableOp_Half_TN,tn_3584_220_2560_ld_2560_2560_3584,Gemm_Rocblas_-1086326466,0.246359
GemmTunableOp_Half_TN,tn_640_220_2560_ld_2560_2560_640,Gemm_Rocblas_-1086326323,0.0688739
GemmTunableOp_Half_TN,tn_320_220_10240_ld_10240_10240_320,Gemm_Rocblas_-1086326323,0.144939
GemmTunableOp_Half_TN,tn_336_292_10240_ld_10240_10240_336,Gemm_Rocblas_-1086326322,0.148241
GemmTunableOp_Half_TN,tn_10240_292_320_ld_320_320_10240,Gemm_Rocblas_-1086326224,0.108912
GemmTunableOp_Half_TN,tn_4096_292_2560_ld_2560_2560_4096,Gemm_Rocblas_-1086326466,0.338391
GemmTunableOp_Half_TN,tn_24_292_2560_ld_2560_2560_24,Gemm_Rocblas_-1086326389,0.0241278
GemmTunableOp_Half_TN,tn_2560_292_1536_ld_1536_1536_2560,Gemm_Rocblas_-1086326233,0.13355
GemmTunableOp_Half_TN,tn_512_292_2560_ld_2560_2560_512,Gemm_Rocblas_-1086326329,0.0664863
GemmTunableOp_Half_TN,tn_320_292_2560_ld_2560_2560_320,Gemm_Rocblas_-1086326325,0.0547774
GemmTunableOp_Half_TN,tn_2560_292_160_ld_160_160_2560,Default,0.0270411
GemmTunableOp_Half_NN,nn_1_292_2560_ld_1_2560_1,Gemm_Rocblas_-9,0.0138801
GemmTunableOp_Half_TN,tn_10240_292_2560_ld_2560_2560_10240,Gemm_Rocblas_-1086326466,0.82484
GemmTunableOp_Half_TN,tn_2560_292_2560_ld_2560_2560_2560,Gemm_Rocblas_-1086326313,0.229413
GemmTunableOp_Half_TN,tn_3584_292_2560_ld_2560_2560_3584,Default,0.29469
GemmTunableOp_Half_TN,tn_640_292_2560_ld_2560_2560_640,Gemm_Rocblas_-1086326317,0.0805437
GemmTunableOp_Half_TN,tn_320_292_10240_ld_10240_10240_320,Gemm_Rocblas_-1086326317,0.146387
GemmTunableOp_Half_TN,tn_336_368_10240_ld_10240_10240_336,Gemm_Rocblas_-1086326318,0.174238
GemmTunableOp_Half_TN,tn_10240_368_320_ld_320_320_10240,Gemm_Rocblas_-1086326484,0.119427
GemmTunableOp_Half_TN,tn_4096_368_2560_ld_2560_2560_4096,Gemm_Rocblas_-1086326466,0.358437
GemmTunableOp_Half_TN,tn_24_368_2560_ld_2560_2560_24,Gemm_Rocblas_-1086326393,0.0307048
GemmTunableOp_Half_TN,tn_2560_368_1536_ld_1536_1536_2560,Gemm_Rocblas_-1086326234,0.150835
GemmTunableOp_Half_TN,tn_512_368_2560_ld_2560_2560_512,Gemm_Rocblas_-1086326316,0.071586
GemmTunableOp_Half_TN,tn_320_368_2560_ld_2560_2560_320,Gemm_Rocblas_-1086326318,0.0573102
GemmTunableOp_Half_TN,tn_2560_368_160_ld_160_160_2560,Gemm_Rocblas_-1086326444,0.0289595
GemmTunableOp_Half_NN,nn_1_368_2560_ld_1_2560_1,Gemm_Rocblas_-9,0.0141213
GemmTunableOp_Half_TN,tn_10240_368_2560_ld_2560_2560_10240,Gemm_Rocblas_-1086326457,0.841804
GemmTunableOp_Half_TN,tn_2560_368_2560_ld_2560_2560_2560,Gemm_Rocblas_-1086326466,0.246543
GemmTunableOp_Half_TN,tn_3584_368_2560_ld_2560_2560_3584,Default,0.302128
GemmTunableOp_Half_TN,tn_640_368_2560_ld_2560_2560_640,Gemm_Rocblas_-1086326273,0.0916622
GemmTunableOp_Half_TN,tn_320_368_10240_ld_10240_10240_320,Gemm_Rocblas_-1086326323,0.167216
GemmTunableOp_Half_TN,tn_336_436_10240_ld_10240_10240_336,Gemm_Rocblas_-1086326323,0.222625
GemmTunableOp_Half_TN,tn_10240_436_320_ld_320_320_10240,Gemm_Rocblas_-1086326223,0.140095
GemmTunableOp_Half_TN,tn_4096_436_2560_ld_2560_2560_4096,Default,0.369164
GemmTunableOp_Half_TN,tn_24_436_2560_ld_2560_2560_24,Gemm_Rocblas_-1086326393,0.0321011
GemmTunableOp_Half_TN,tn_2560_436_1536_ld_1536_1536_2560,Gemm_Rocblas_-1086326233,0.193259
GemmTunableOp_Half_TN,tn_512_436_2560_ld_2560_2560_512,Gemm_Rocblas_-1086326322,0.0850417
GemmTunableOp_Half_TN,tn_320_436_2560_ld_2560_2560_320,Gemm_Rocblas_-1086326318,0.0689012
GemmTunableOp_Half_TN,tn_2560_436_160_ld_160_160_2560,Gemm_Rocblas_-1086326283,0.0295623
GemmTunableOp_Half_NN,nn_1_436_2560_ld_1_2560_1,Gemm_Rocblas_-9,0.0142734
GemmTunableOp_Half_TN,tn_10240_436_2560_ld_2560_2560_10240,Gemm_Rocblas_-1086326268,1.03225
GemmTunableOp_Half_TN,tn_2560_436_2560_ld_2560_2560_2560,Gemm_Rocblas_-1086326462,0.317472
GemmTunableOp_Half_TN,tn_3584_436_2560_ld_2560_2560_3584,Default,0.379449
GemmTunableOp_Half_TN,tn_640_436_2560_ld_2560_2560_640,Gemm_Rocblas_-1086326233,0.106953
GemmTunableOp_Half_TN,tn_320_436_10240_ld_10240_10240_320,Gemm_Rocblas_-1086326329,0.202593
GemmTunableOp_Half_TN,tn_336_512_10240_ld_10240_10240_336,Gemm_Rocblas_-1086326271,0.23459
GemmTunableOp_Half_TN,tn_10240_512_320_ld_320_320_10240,Default,0.126955
GemmTunableOp_Half_TN,tn_4096_512_2560_ld_2560_2560_4096,Default,0.450268
GemmTunableOp_Half_TN,tn_24_512_2560_ld_2560_2560_24,Gemm_Rocblas_-1086326399,0.0335999
GemmTunableOp_Half_TN,tn_2560_512_1536_ld_1536_1536_2560,Gemm_Rocblas_-1086326234,0.202028
GemmTunableOp_Half_TN,tn_512_512_2560_ld_2560_2560_512,Gemm_Rocblas_-1086326271,0.0774601
GemmTunableOp_Half_TN,tn_320_512_2560_ld_2560_2560_320,Gemm_Rocblas_-1086326318,0.0702756
GemmTunableOp_Half_TN,tn_2560_512_160_ld_160_160_2560,Gemm_Rocblas_-1086326256,0.0296583
GemmTunableOp_Half_NN,nn_1_512_2560_ld_1_2560_1,Gemm_Rocblas_-9,0.0146282
GemmTunableOp_Half_TN,tn_10240_512_2560_ld_2560_2560_10240,Gemm_Rocblas_-1086326236,1.12521
GemmTunableOp_Half_TN,tn_2560_512_2560_ld_2560_2560_2560,Gemm_Rocblas_-1086326271,0.343043
GemmTunableOp_Half_TN,tn_3584_512_2560_ld_2560_2560_3584,Default,0.359808
GemmTunableOp_Half_TN,tn_640_512_2560_ld_2560_2560_640,Gemm_Rocblas_-1086326317,0.114337
GemmTunableOp_Half_TN,tn_320_512_10240_ld_10240_10240_320,Gemm_Rocblas_-1086326271,0.226904
GemmTunableOp_Half_TN,tn_336_588_10240_ld_10240_10240_336,Gemm_Rocblas_-1086326271,0.243632
GemmTunableOp_Half_TN,tn_10240_588_320_ld_320_320_10240,Default,0.191102
GemmTunableOp_Half_TN,tn_4096_588_2560_ld_2560_2560_4096,Gemm_Rocblas_-1086326466,0.604543
GemmTunableOp_Half_TN,tn_24_588_2560_ld_2560_2560_24,Gemm_Rocblas_-1086326389,0.037698
GemmTunableOp_Half_TN,tn_2560_588_1536_ld_1536_1536_2560,Default,0.225532
GemmTunableOp_Half_TN,tn_512_588_2560_ld_2560_2560_512,Gemm_Rocblas_-1086326323,0.11194
GemmTunableOp_Half_TN,tn_320_588_2560_ld_2560_2560_320,Gemm_Rocblas_-1086326271,0.0797717
GemmTunableOp_Half_TN,tn_2560_588_160_ld_160_160_2560,Gemm_Rocblas_-1086326302,0.0355128
GemmTunableOp_Half_NN,nn_1_588_2560_ld_1_2560_1,Gemm_Rocblas_-9,0.0163178
GemmTunableOp_Half_TN,tn_10240_588_2560_ld_2560_2560_10240,Gemm_Rocblas_-1086326457,1.35345
GemmTunableOp_Half_TN,tn_2560_588_2560_ld_2560_2560_2560,Default,0.358128
GemmTunableOp_Half_TN,tn_3584_588_2560_ld_2560_2560_3584,Gemm_Rocblas_-1086326466,0.510264
GemmTunableOp_Half_TN,tn_640_588_2560_ld_2560_2560_640,Gemm_Rocblas_-1086326272,0.133809
GemmTunableOp_Half_TN,tn_320_588_10240_ld_10240_10240_320,Gemm_Rocblas_-1086326271,0.242232
GemmTunableOp_Half_TN,tn_336_660_10240_ld_10240_10240_336,Gemm_Rocblas_-1086326271,0.257843
GemmTunableOp_Half_TN,tn_10240_660_320_ld_320_320_10240,Default,0.190523
GemmTunableOp_Half_TN,tn_4096_660_2560_ld_2560_2560_4096,Default,0.678661
GemmTunableOp_Half_TN,tn_24_660_2560_ld_2560_2560_24,Gemm_Rocblas_-1086326391,0.0379284
GemmTunableOp_Half_TN,tn_2560_660_1536_ld_1536_1536_2560,Default,0.230405
GemmTunableOp_Half_TN,tn_512_660_2560_ld_2560_2560_512,Gemm_Rocblas_-1086326316,0.119771
GemmTunableOp_Half_TN,tn_320_660_2560_ld_2560_2560_320,Gemm_Rocblas_-1086326271,0.0841826
GemmTunableOp_Half_TN,tn_2560_660_160_ld_160_160_2560,Gemm_Rocblas_-1086326257,0.0392964
GemmTunableOp_Half_NN,nn_1_660_2560_ld_1_2560_1,Gemm_Rocblas_-9,0.0165926
GemmTunableOp_Half_TN,tn_10240_660_2560_ld_2560_2560_10240,Gemm_Rocblas_-1086326268,1.53873
GemmTunableOp_Half_TN,tn_2560_660_2560_ld_2560_2560_2560,Gemm_Rocblas_-1086326252,0.449419
GemmTunableOp_Half_TN,tn_3584_660_2560_ld_2560_2560_3584,Default,0.534071
GemmTunableOp_Half_TN,tn_640_660_2560_ld_2560_2560_640,Gemm_Rocblas_-1086326287,0.143235
GemmTunableOp_Half_TN,tn_320_660_10240_ld_10240_10240_320,Gemm_Rocblas_-1086326271,0.252539
GemmTunableOp_Half_TN,tn_336_732_10240_ld_10240_10240_336,Gemm_Rocblas_-1086326271,0.275366
GemmTunableOp_Half_TN,tn_10240_732_320_ld_320_320_10240,Default,0.192639
GemmTunableOp_Half_TN,tn_4096_732_2560_ld_2560_2560_4096,Default,0.687758
GemmTunableOp_Half_TN,tn_24_732_2560_ld_2560_2560_24,Gemm_Rocblas_-1086326400,0.0383597
GemmTunableOp_Half_TN,tn_2560_732_1536_ld_1536_1536_2560,Default,0.238396
GemmTunableOp_Half_TN,tn_512_732_2560_ld_2560_2560_512,Gemm_Rocblas_-1086326274,0.126638
GemmTunableOp_Half_TN,tn_320_732_2560_ld_2560_2560_320,Gemm_Rocblas_-1086326271,0.0885579
GemmTunableOp_Half_TN,tn_2560_732_160_ld_160_160_2560,Default,0.0408733
GemmTunableOp_Half_NN,nn_1_732_2560_ld_1_2560_1,Gemm_Rocblas_-9,0.016669
GemmTunableOp_Half_TN,tn_10240_732_2560_ld_2560_2560_10240,Gemm_Rocblas_-1086326236,1.56981
GemmTunableOp_Half_TN,tn_2560_732_2560_ld_2560_2560_2560,Gemm_Rocblas_-1086326252,0.442483
GemmTunableOp_Half_TN,tn_3584_732_2560_ld_2560_2560_3584,Default,0.546079
GemmTunableOp_Half_TN,tn_640_732_2560_ld_2560_2560_640,Gemm_Rocblas_-1086326287,0.147669
GemmTunableOp_Half_TN,tn_320_732_10240_ld_10240_10240_320,Gemm_Rocblas_-1086326271,0.269946
GemmTunableOp_Half_TN,tn_336_804_10240_ld_10240_10240_336,Gemm_Rocblas_-1086326317,0.400766
GemmTunableOp_Half_TN,tn_10240_804_320_ld_320_320_10240,Default,0.216031
GemmTunableOp_Half_TN,tn_4096_804_2560_ld_2560_2560_4096,Gemm_Rocblas_-1086326466,0.845387
GemmTunableOp_Half_TN,tn_24_804_2560_ld_2560_2560_24,Gemm_Rocblas_-1086326394,0.0387889
GemmTunableOp_Half_TN,tn_2560_804_1536_ld_1536_1536_2560,Gemm_Rocblas_-1086326466,0.306048
GemmTunableOp_Half_TN,tn_512_804_2560_ld_2560_2560_512,Gemm_Rocblas_-1086326235,0.130088
GemmTunableOp_Half_TN,tn_320_804_2560_ld_2560_2560_320,Gemm_Rocblas_-1086326311,0.106581
GemmTunableOp_Half_TN,tn_2560_804_160_ld_160_160_2560,Gemm_Rocblas_-1086326240,0.0430397
GemmTunableOp_Half_NN,nn_1_804_2560_ld_1_2560_1,Gemm_Rocblas_-9,0.0169266
GemmTunableOp_Half_TN,tn_10240_804_2560_ld_2560_2560_10240,Gemm_Rocblas_-1086326234,1.89341
GemmTunableOp_Half_TN,tn_2560_804_2560_ld_2560_2560_2560,Gemm_Rocblas_-1086326466,0.503879
GemmTunableOp_Half_TN,tn_3584_804_2560_ld_2560_2560_3584,Default,0.698772
GemmTunableOp_Half_TN,tn_640_804_2560_ld_2560_2560_640,Gemm_Rocblas_-1086326267,0.151845
GemmTunableOp_Half_TN,tn_320_804_10240_ld_10240_10240_320,Gemm_Rocblas_-1086326329,0.393194
GemmTunableOp_Half_TN,tn_336_876_10240_ld_10240_10240_336,Gemm_Rocblas_-1086326317,0.412311
GemmTunableOp_Half_TN,tn_10240_876_320_ld_320_320_10240,Default,0.224982
GemmTunableOp_Half_TN,tn_4096_876_2560_ld_2560_2560_4096,Gemm_Rocblas_-1086326466,0.865399
GemmTunableOp_Half_TN,tn_24_876_2560_ld_2560_2560_24,Gemm_Rocblas_-1086326391,0.0428982
GemmTunableOp_Half_TN,tn_2560_876_1536_ld_1536_1536_2560,Default,0.259759
GemmTunableOp_Half_TN,tn_512_876_2560_ld_2560_2560_512,Gemm_Rocblas_-1086326235,0.13402
GemmTunableOp_Half_TN,tn_320_876_2560_ld_2560_2560_320,Gemm_Rocblas_-1086326311,0.109078
GemmTunableOp_Half_TN,tn_2560_876_160_ld_160_160_2560,Gemm_Rocblas_-1086326260,0.047113
GemmTunableOp_Half_NN,nn_1_876_2560_ld_1_2560_1,Gemm_Rocblas_-9,0.0188558
GemmTunableOp_Half_TN,tn_10240_876_2560_ld_2560_2560_10240,Gemm_Rocblas_-1086326234,1.90871
GemmTunableOp_Half_TN,tn_2560_876_2560_ld_2560_2560_2560,Gemm_Rocblas_-1086326466,0.519701
GemmTunableOp_Half_TN,tn_3584_876_2560_ld_2560_2560_3584,Default,0.716987
GemmTunableOp_Half_TN,tn_640_876_2560_ld_2560_2560_640,Gemm_Rocblas_-1086326287,0.153415
GemmTunableOp_Half_TN,tn_320_876_10240_ld_10240_10240_320,Gemm_Rocblas_-1086326317,0.404894
GemmTunableOp_Half_TN,tn_336_952_10240_ld_10240_10240_336,Gemm_Rocblas_-1086326271,0.429124
GemmTunableOp_Half_TN,tn_10240_952_320_ld_320_320_10240,Default,0.255156
GemmTunableOp_Half_TN,tn_4096_952_2560_ld_2560_2560_4096,Default,0.928526
GemmTunableOp_Half_TN,tn_24_952_2560_ld_2560_2560_24,Gemm_Rocblas_-1086326391,0.0433417
GemmTunableOp_Half_TN,tn_2560_952_1536_ld_1536_1536_2560,Default,0.317077
GemmTunableOp_Half_TN,tn_512_952_2560_ld_2560_2560_512,Gemm_Rocblas_-1086326235,0.132728
GemmTunableOp_Half_TN,tn_320_952_2560_ld_2560_2560_320,Gemm_Rocblas_-1086326317,0.120572
GemmTunableOp_Half_TN,tn_2560_952_160_ld_160_160_2560,Gemm_Rocblas_-1086326257,0.0499278
GemmTunableOp_Half_NN,nn_1_952_2560_ld_1_2560_1,Gemm_Rocblas_-9,0.0191406
GemmTunableOp_Half_TN,tn_10240_952_2560_ld_2560_2560_10240,Gemm_Rocblas_-1086326236,2.16209
GemmTunableOp_Half_TN,tn_2560_952_2560_ld_2560_2560_2560,Gemm_Rocblas_-1086326466,0.613251
GemmTunableOp_Half_TN,tn_3584_952_2560_ld_2560_2560_3584,Default,0.720659
GemmTunableOp_Half_TN,tn_640_952_2560_ld_2560_2560_640,Gemm_Rocblas_-1086326271,0.198587
GemmTunableOp_Half_TN,tn_320_952_10240_ld_10240_10240_320,Gemm_Rocblas_-1086326271,0.428228
GemmTunableOp_Half_TN,tn_336_1016_10240_ld_10240_10240_336,Gemm_Rocblas_-1086326271,0.441948
GemmTunableOp_Half_TN,tn_10240_1016_320_ld_320_320_10240,Default,0.263069
GemmTunableOp_Half_TN,tn_4096_1016_2560_ld_2560_2560_4096,Default,0.827961
GemmTunableOp_Half_TN,tn_24_1016_2560_ld_2560_2560_24,Gemm_Rocblas_-1086326391,0.0433435
GemmTunableOp_Half_TN,tn_2560_1016_1536_ld_1536_1536_2560,Default,0.31623
GemmTunableOp_Half_TN,tn_512_1016_2560_ld_2560_2560_512,Gemm_Rocblas_-1086326235,0.136686
GemmTunableOp_Half_TN,tn_320_1016_2560_ld_2560_2560_320,Gemm_Rocblas_-1086326317,0.125646
GemmTunableOp_Half_TN,tn_2560_1016_160_ld_160_160_2560,Default,0.0518643
GemmTunableOp_Half_NN,nn_1_1016_2560_ld_1_2560_1,Gemm_Rocblas_-9,0.0192082
GemmTunableOp_Half_TN,tn_10240_1016_2560_ld_2560_2560_10240,Gemm_Rocblas_-1086326236,2.20158
GemmTunableOp_Half_TN,tn_2560_1016_2560_ld_2560_2560_2560,Gemm_Rocblas_-1086326466,0.627844
GemmTunableOp_Half_TN,tn_3584_1016_2560_ld_2560_2560_3584,Default,0.758171
GemmTunableOp_Half_TN,tn_640_1016_2560_ld_2560_2560_640,Gemm_Rocblas_-1086326271,0.210291
GemmTunableOp_Half_TN,tn_320_1016_10240_ld_10240_10240_320,Gemm_Rocblas_-1086326271,0.440901
GemmTunableOp_Half_TN,tn_336_1104_10240_ld_10240_10240_336,Gemm_Rocblas_-1086326273,0.470368
GemmTunableOp_Half_TN,tn_10240_1104_320_ld_320_320_10240,Gemm_Rocblas_-1086326484,0.294031
GemmTunableOp_Half_TN,tn_4096_1104_2560_ld_2560_2560_4096,Gemm_Rocblas_-1086326466,0.952086
GemmTunableOp_Half_TN,tn_24_1104_2560_ld_2560_2560_24,Gemm_Rocblas_-1086326328,0.0434093
GemmTunableOp_Half_TN,tn_2560_1104_1536_ld_1536_1536_2560,Default,0.367389
GemmTunableOp_Half_TN,tn_512_1104_2560_ld_2560_2560_512,Gemm_Rocblas_-1086326234,0.139399
GemmTunableOp_Half_TN,tn_320_1104_2560_ld_2560_2560_320,Gemm_Rocblas_-1086326317,0.129422
GemmTunableOp_Half_TN,tn_2560_1104_160_ld_160_160_2560,Gemm_Rocblas_-1086326257,0.0531735
GemmTunableOp_Half_NN,nn_1_1104_2560_ld_1_2560_1,Gemm_Rocblas_-9,0.0194843
GemmTunableOp_Half_TN,tn_10240_1104_2560_ld_2560_2560_10240,Gemm_Rocblas_-1086326457,2.56859
GemmTunableOp_Half_TN,tn_2560_1104_2560_ld_2560_2560_2560,Default,0.707566
GemmTunableOp_Half_TN,tn_3584_1104_2560_ld_2560_2560_3584,Default,0.772772
GemmTunableOp_Half_TN,tn_640_1104_2560_ld_2560_2560_640,Gemm_Rocblas_-1086326274,0.221544
GemmTunableOp_Half_TN,tn_320_1104_10240_ld_10240_10240_320,Gemm_Rocblas_-1086326273,0.468624
GemmTunableOp_Half_TN,tn_336_1168_10240_ld_10240_10240_336,Gemm_Rocblas_-1086326271,0.495046
GemmTunableOp_Half_TN,tn_10240_1168_320_ld_320_320_10240,Default,0.309054
GemmTunableOp_Half_TN,tn_4096_1168_2560_ld_2560_2560_4096,Default,0.993883
GemmTunableOp_Half_TN,tn_24_1168_2560_ld_2560_2560_24,Gemm_Rocblas_-1086326328,0.0501751
GemmTunableOp_Half_TN,tn_2560_1168_1536_ld_1536_1536_2560,Default,0.38462
GemmTunableOp_Half_TN,tn_512_1168_2560_ld_2560_2560_512,Gemm_Rocblas_-1086326322,0.187523
GemmTunableOp_Half_TN,tn_320_1168_2560_ld_2560_2560_320,Gemm_Rocblas_-1086326235,0.138351
GemmTunableOp_Half_TN,tn_2560_1168_160_ld_160_160_2560,Default,0.0549299
GemmTunableOp_Half_NN,nn_1_1168_2560_ld_1_2560_1,Gemm_Rocblas_-9,0.0213711
GemmTunableOp_Half_TN,tn_10240_1168_2560_ld_2560_2560_10240,Default,2.45003
GemmTunableOp_Half_TN,tn_2560_1168_2560_ld_2560_2560_2560,Gemm_Rocblas_-1086326268,0.723459
GemmTunableOp_Half_TN,tn_3584_1168_2560_ld_2560_2560_3584,Default,0.7842
GemmTunableOp_Half_TN,tn_640_1168_2560_ld_2560_2560_640,Gemm_Rocblas_-1086326462,0.235141
GemmTunableOp_Half_TN,tn_320_1168_10240_ld_10240_10240_320,Gemm_Rocblas_-1086326271,0.486686
GemmTunableOp_Half_TN,tn_336_1240_10240_ld_10240_10240_336,Gemm_Rocblas_-1086326271,0.530724
GemmTunableOp_Half_TN,tn_10240_1240_320_ld_320_320_10240,Default,0.320151
GemmTunableOp_Half_TN,tn_4096_1240_2560_ld_2560_2560_4096,Default,1.00302
GemmTunableOp_Half_TN,tn_24_1240_2560_ld_2560_2560_24,Gemm_Rocblas_-1086326391,0.0505135
GemmTunableOp_Half_TN,tn_2560_1240_1536_ld_1536_1536_2560,Default,0.367442
GemmTunableOp_Half_TN,tn_512_1240_2560_ld_2560_2560_512,Gemm_Rocblas_-1086326233,0.194539
GemmTunableOp_Half_TN,tn_320_1240_2560_ld_2560_2560_320,Gemm_Rocblas_-1086326251,0.143383
GemmTunableOp_Half_TN,tn_2560_1240_160_ld_160_160_2560,Gemm_Rocblas_-1086326257,0.0589479
GemmTunableOp_Half_NN,nn_1_1240_2560_ld_1_2560_1,Gemm_Rocblas_-9,0.0215303
GemmTunableOp_Half_TN,tn_10240_1240_2560_ld_2560_2560_10240,Default,2.50875
GemmTunableOp_Half_TN,tn_2560_1240_2560_ld_2560_2560_2560,Gemm_Rocblas_-1086326252,0.735709
GemmTunableOp_Half_TN,tn_3584_1240_2560_ld_2560_2560_3584,Default,0.799645
GemmTunableOp_Half_TN,tn_640_1240_2560_ld_2560_2560_640,Gemm_Rocblas_-1086326268,0.241371
GemmTunableOp_Half_TN,tn_320_1240_10240_ld_10240_10240_320,Gemm_Rocblas_-1086326271,0.5213
GemmTunableOp_Half_TN,tn_336_1312_10240_ld_10240_10240_336,Gemm_Rocblas_-1086326251,0.543585
GemmTunableOp_Half_TN,tn_10240_1312_320_ld_320_320_10240,Gemm_Rocblas_-1086326484,0.397148
GemmTunableOp_Half_TN,tn_4096_1312_2560_ld_2560_2560_4096,Default,1.11484
GemmTunableOp_Half_TN,tn_24_1312_2560_ld_2560_2560_24,Gemm_Rocblas_-1086326391,0.0508655
GemmTunableOp_Half_TN,tn_2560_1312_1536_ld_1536_1536_2560,Default,0.434249
GemmTunableOp_Half_TN,tn_512_1312_2560_ld_2560_2560_512,Gemm_Rocblas_-1086326233,0.195621
GemmTunableOp_Half_TN,tn_320_1312_2560_ld_2560_2560_320,Gemm_Rocblas_-1086326235,0.14526
GemmTunableOp_Half_TN,tn_2560_1312_160_ld_160_160_2560,Gemm_Rocblas_-1086326484,0.0597988
GemmTunableOp_Half_NN,nn_1_1312_2560_ld_1_2560_1,Gemm_Rocblas_-9,0.0216275
GemmTunableOp_Half_TN,tn_10240_1312_2560_ld_2560_2560_10240,Default,2.92202
GemmTunableOp_Half_TN,tn_2560_1312_2560_ld_2560_2560_2560,Gemm_Rocblas_-1086326268,0.832128
GemmTunableOp_Half_TN,tn_3584_1312_2560_ld_2560_2560_3584,Default,0.963012
GemmTunableOp_Half_TN,tn_640_1312_2560_ld_2560_2560_640,Gemm_Rocblas_-1086326236,0.245843
GemmTunableOp_Half_TN,tn_320_1312_10240_ld_10240_10240_320,Gemm_Rocblas_-1086326287,0.537214
GemmTunableOp_Half_TN,tn_336_1396_10240_ld_10240_10240_336,Gemm_Rocblas_-1086326251,0.55242
GemmTunableOp_Half_TN,tn_10240_1396_320_ld_320_320_10240,Gemm_Rocblas_-1086326484,0.405487
GemmTunableOp_Half_TN,tn_4096_1396_2560_ld_2560_2560_4096,Gemm_Rocblas_-1086326457,1.14714
GemmTunableOp_Half_TN,tn_24_1396_2560_ld_2560_2560_24,Gemm_Rocblas_-1086326391,0.0508915
GemmTunableOp_Half_TN,tn_2560_1396_1536_ld_1536_1536_2560,Default,0.426684
GemmTunableOp_Half_TN,tn_512_1396_2560_ld_2560_2560_512,Gemm_Rocblas_-1086326233,0.196154
GemmTunableOp_Half_TN,tn_320_1396_2560_ld_2560_2560_320,Gemm_Rocblas_-1086326287,0.147571
GemmTunableOp_Half_TN,tn_2560_1396_160_ld_160_160_2560,Default,0.0646771
GemmTunableOp_Half_NN,nn_1_1396_2560_ld_1_2560_1,Gemm_Rocblas_-9,0.0221391
GemmTunableOp_Half_TN,tn_10240_1396_2560_ld_2560_2560_10240,Default,2.96573
GemmTunableOp_Half_TN,tn_2560_1396_2560_ld_2560_2560_2560,Gemm_Rocblas_-1086326466,0.856098
GemmTunableOp_Half_TN,tn_3584_1396_2560_ld_2560_2560_3584,Default,0.981111
GemmTunableOp_Half_TN,tn_640_1396_2560_ld_2560_2560_640,Gemm_Rocblas_-1086326236,0.247945
GemmTunableOp_Half_TN,tn_320_1396_10240_ld_10240_10240_320,Gemm_Rocblas_-1086326299,0.536158
GemmTunableOp_Half_TN,tn_336_1456_10240_ld_10240_10240_336,Gemm_Rocblas_-1086326313,0.568217
GemmTunableOp_Half_TN,tn_10240_1456_320_ld_320_320_10240,Gemm_Rocblas_-1086326232,0.421033
GemmTunableOp_Half_TN,tn_4096_1456_2560_ld_2560_2560_4096,Default,1.18947
GemmTunableOp_Half_TN,tn_24_1456_2560_ld_2560_2560_24,Gemm_Rocblas_-1086326328,0.0521851
GemmTunableOp_Half_TN,tn_2560_1456_1536_ld_1536_1536_2560,Default,0.422334
GemmTunableOp_Half_TN,tn_512_1456_2560_ld_2560_2560_512,Gemm_Rocblas_-1086326233,0.199041
GemmTunableOp_Half_TN,tn_320_1456_2560_ld_2560_2560_320,Gemm_Rocblas_-1086326267,0.150324
GemmTunableOp_Half_TN,tn_2560_1456_160_ld_160_160_2560,Default,0.0641704
GemmTunableOp_Half_NN,nn_1_1456_2560_ld_1_2560_1,Gemm_Rocblas_-9,0.0284044
GemmTunableOp_Half_TN,tn_10240_1456_2560_ld_2560_2560_10240,Default,2.99361
GemmTunableOp_Half_TN,tn_2560_1456_2560_ld_2560_2560_2560,Default,0.8032
GemmTunableOp_Half_TN,tn_3584_1456_2560_ld_2560_2560_3584,Default,0.990863
GemmTunableOp_Half_TN,tn_640_1456_2560_ld_2560_2560_640,Gemm_Rocblas_-1086326236,0.251124
GemmTunableOp_Half_TN,tn_320_1456_10240_ld_10240_10240_320,Gemm_Rocblas_-1086326287,0.529868
GemmTunableOp_Half_TN,tn_336_1540_10240_ld_10240_10240_336,Gemm_Rocblas_-1086326271,0.729154
GemmTunableOp_Half_TN,tn_10240_1540_320_ld_320_320_10240,Gemm_Rocblas_-1086326484,0.465264
GemmTunableOp_Half_TN,tn_4096_1540_2560_ld_2560_2560_4096,Gemm_Rocblas_-1086326457,1.36079
GemmTunableOp_Half_TN,tn_24_1540_2560_ld_2560_2560_24,Gemm_Rocblas_-1086326328,0.0522203
GemmTunableOp_Half_TN,tn_2560_1540_1536_ld_1536_1536_2560,Default,0.527476
GemmTunableOp_Half_TN,tn_512_1540_2560_ld_2560_2560_512,Gemm_Rocblas_-1086326233,0.200012
GemmTunableOp_Half_TN,tn_320_1540_2560_ld_2560_2560_320,Gemm_Rocblas_-1086326311,0.180618
GemmTunableOp_Half_TN,tn_2560_1540_160_ld_160_160_2560,Gemm_Rocblas_-1086326280,0.0657773
GemmTunableOp_Half_NN,nn_1_1540_2560_ld_1_2560_1,Gemm_Rocblas_-9,0.028728
GemmTunableOp_Half_TN,tn_10240_1540_2560_ld_2560_2560_10240,Gemm_Rocblas_-1086326457,3.68178
GemmTunableOp_Half_TN,tn_2560_1540_2560_ld_2560_2560_2560,Default,0.955692
GemmTunableOp_Half_TN,tn_3584_1540_2560_ld_2560_2560_3584,Default,1.1777
GemmTunableOp_Half_TN,tn_640_1540_2560_ld_2560_2560_640,Gemm_Rocblas_-1086326236,0.258532
GemmTunableOp_Half_TN,tn_320_1540_10240_ld_10240_10240_320,Gemm_Rocblas_-1086326311,0.638822
GemmTunableOp_Half_TN,tn_336_1812_10240_ld_10240_10240_336,Gemm_Rocblas_-1086326273,0.774477
GemmTunableOp_Half_TN,tn_10240_1812_320_ld_320_320_10240,Gemm_Rocblas_-1086326484,0.551605
GemmTunableOp_Half_TN,tn_4096_1812_2560_ld_2560_2560_4096,Default,1.73483
GemmTunableOp_Half_TN,tn_24_1812_2560_ld_2560_2560_24,Gemm_Rocblas_-1086326328,0.0552932
GemmTunableOp_Half_TN,tn_2560_1812_1536_ld_1536_1536_2560,Default,0.628828
GemmTunableOp_Half_TN,tn_512_1812_2560_ld_2560_2560_512,Default,0.222036
GemmTunableOp_Half_TN,tn_320_1812_2560_ld_2560_2560_320,Gemm_Rocblas_-1086326271,0.207194
GemmTunableOp_Half_TN,tn_2560_1812_160_ld_160_160_2560,Default,0.0757194
GemmTunableOp_Half_NN,nn_1_1812_2560_ld_1_2560_1,Gemm_Rocblas_-9,0.0302148
GemmTunableOp_Half_TN,tn_10240_1812_2560_ld_2560_2560_10240,Default,4.07811
GemmTunableOp_Half_TN,tn_2560_1812_2560_ld_2560_2560_2560,Gemm_Rocblas_-1086326466,1.24601
GemmTunableOp_Half_TN,tn_3584_1812_2560_ld_2560_2560_3584,Default,1.51483
GemmTunableOp_Half_TN,tn_640_1812_2560_ld_2560_2560_640,Default,0.332186
GemmTunableOp_Half_TN,tn_320_1812_10240_ld_10240_10240_320,Gemm_Rocblas_-1086326273,0.797768
GemmTunableOp_Half_TN,tn_640_2048_2560_ld_2560_2560_640,Default,0.323901
GemmTunableOp_Half_TN,tn_336_484_10240_ld_10240_10240_336,Gemm_Rocblas_-1086326271,0.238122
GemmTunableOp_Half_TN,tn_10240_484_320_ld_320_320_10240,Default,0.161105
GemmTunableOp_Half_TN,tn_4096_484_2560_ld_2560_2560_4096,Default,0.486223
GemmTunableOp_Half_TN,tn_24_484_2560_ld_2560_2560_24,Gemm_Rocblas_-1086326391,0.0330868
GemmTunableOp_Half_TN,tn_2560_484_1536_ld_1536_1536_2560,Gemm_Rocblas_-1086326234,0.21966
GemmTunableOp_Half_TN,tn_512_484_2560_ld_2560_2560_512,Gemm_Rocblas_-1086326271,0.0948177
GemmTunableOp_Half_TN,tn_320_484_2560_ld_2560_2560_320,Gemm_Rocblas_-1086326318,0.0748662
GemmTunableOp_Half_TN,tn_2560_484_160_ld_160_160_2560,Gemm_Rocblas_-1086326302,0.0326917
GemmTunableOp_Half_NN,nn_1_484_2560_ld_1_2560_1,Gemm_Rocblas_-9,0.0143937
GemmTunableOp_Half_TN,tn_10240_484_2560_ld_2560_2560_10240,Gemm_Rocblas_-1086326236,1.20617
GemmTunableOp_Half_TN,tn_2560_484_2560_ld_2560_2560_2560,Default,0.358491
GemmTunableOp_Half_TN,tn_3584_484_2560_ld_2560_2560_3584,Default,0.390672
GemmTunableOp_Half_TN,tn_640_484_2560_ld_2560_2560_640,Gemm_Rocblas_-1086326317,0.123395
GemmTunableOp_Half_TN,tn_320_484_10240_ld_10240_10240_320,Gemm_Rocblas_-1086326271,0.232441
GemmTunableOp_Half_TN,tn_336_1636_10240_ld_10240_10240_336,Gemm_Rocblas_-1086326273,0.755979
GemmTunableOp_Half_TN,tn_10240_1636_320_ld_320_320_10240,Gemm_Rocblas_-1086326484,0.487279
GemmTunableOp_Half_TN,tn_4096_1636_2560_ld_2560_2560_4096,Gemm_Rocblas_-1086326457,1.41167
GemmTunableOp_Half_TN,tn_24_1636_2560_ld_2560_2560_24,Gemm_Rocblas_-1086326328,0.0524607
GemmTunableOp_Half_TN,tn_2560_1636_1536_ld_1536_1536_2560,Default,0.556555
GemmTunableOp_Half_TN,tn_512_1636_2560_ld_2560_2560_512,Gemm_Rocblas_-1086326233,0.204914
GemmTunableOp_Half_TN,tn_320_1636_2560_ld_2560_2560_320,Gemm_Rocblas_-1086326311,0.191042
GemmTunableOp_Half_TN,tn_2560_1636_160_ld_160_160_2560,Default,0.0694566
GemmTunableOp_Half_NN,nn_1_1636_2560_ld_1_2560_1,Gemm_Rocblas_-9,0.0293088
GemmTunableOp_Half_TN,tn_10240_1636_2560_ld_2560_2560_10240,Default,3.69549
GemmTunableOp_Half_TN,tn_2560_1636_2560_ld_2560_2560_2560,Default,1.00319
GemmTunableOp_Half_TN,tn_3584_1636_2560_ld_2560_2560_3584,Default,1.23918
GemmTunableOp_Half_TN,tn_640_1636_2560_ld_2560_2560_640,Gemm_Rocblas_-1086326236,0.269205
GemmTunableOp_Half_TN,tn_320_1636_10240_ld_10240_10240_320,Gemm_Rocblas_-1086326297,0.709485
GemmTunableOp_Half_TN,tn_336_2024_10240_ld_10240_10240_336,Gemm_Rocblas_-1086326268,0.881321
GemmTunableOp_Half_TN,tn_10240_2024_320_ld_320_320_10240,Gemm_Rocblas_-1086326484,0.623384
GemmTunableOp_Half_TN,tn_4096_2024_2560_ld_2560_2560_4096,Gemm_Rocblas_-1086326252,1.92381
GemmTunableOp_Half_TN,tn_24_2024_2560_ld_2560_2560_24,Gemm_Rocblas_-1086326328,0.0566596
GemmTunableOp_Half_TN,tn_2560_2024_1536_ld_1536_1536_2560,Default,0.734534
GemmTunableOp_Half_TN,tn_512_2024_2560_ld_2560_2560_512,Default,0.22493
GemmTunableOp_Half_TN,tn_320_2024_2560_ld_2560_2560_320,Gemm_Rocblas_-1086326271,0.222043
GemmTunableOp_Half_TN,tn_2560_2024_160_ld_160_160_2560,Default,0.0804179
GemmTunableOp_Half_NN,nn_1_2024_2560_ld_1_2560_1,Gemm_Rocblas_-9,0.0324032
GemmTunableOp_Half_TN,tn_10240_2024_2560_ld_2560_2560_10240,Default,4.38191
GemmTunableOp_Half_TN,tn_2560_2024_2560_ld_2560_2560_2560,Default,1.21382
GemmTunableOp_Half_TN,tn_3584_2024_2560_ld_2560_2560_3584,Default,1.51939
GemmTunableOp_Half_TN,tn_640_2024_2560_ld_2560_2560_640,Gemm_Rocblas_-1086326466,0.361994
GemmTunableOp_Half_TN,tn_320_2024_10240_ld_10240_10240_320,Gemm_Rocblas_-1086326268,0.877157
GemmTunableOp_Half_TN,tn_336_1356_10240_ld_10240_10240_336,Gemm_Rocblas_-1086326251,0.555477
GemmTunableOp_Half_TN,tn_10240_1356_320_ld_320_320_10240,Gemm_Rocblas_-1086326484,0.418954
GemmTunableOp_Half_TN,tn_4096_1356_2560_ld_2560_2560_4096,Gemm_Rocblas_-1086326466,1.17724
GemmTunableOp_Half_TN,tn_24_1356_2560_ld_2560_2560_24,Gemm_Rocblas_-1086326391,0.0508939
GemmTunableOp_Half_TN,tn_2560_1356_1536_ld_1536_1536_2560,Default,0.458205
GemmTunableOp_Half_TN,tn_512_1356_2560_ld_2560_2560_512,Gemm_Rocblas_-1086326233,0.195515
GemmTunableOp_Half_TN,tn_320_1356_2560_ld_2560_2560_320,Gemm_Rocblas_-1086326267,0.150678
GemmTunableOp_Half_TN,tn_2560_1356_160_ld_160_160_2560,Default,0.062245
GemmTunableOp_Half_NN,nn_1_1356_2560_ld_1_2560_1,Gemm_Rocblas_-9,0.0218743
GemmTunableOp_Half_TN,tn_10240_1356_2560_ld_2560_2560_10240,Default,3.08954
GemmTunableOp_Half_TN,tn_2560_1356_2560_ld_2560_2560_2560,Gemm_Rocblas_-1086326466,0.903784
GemmTunableOp_Half_TN,tn_3584_1356_2560_ld_2560_2560_3584,Default,1.01655
GemmTunableOp_Half_TN,tn_640_1356_2560_ld_2560_2560_640,Gemm_Rocblas_-1086326236,0.252876
GemmTunableOp_Half_TN,tn_320_1356_10240_ld_10240_10240_320,Gemm_Rocblas_-1086326287,0.554175
GemmTunableOp_Half_TN,tn_336_352_10240_ld_10240_10240_336,Gemm_Rocblas_-1086326318,0.177638
GemmTunableOp_Half_TN,tn_10240_352_320_ld_320_320_10240,Gemm_Rocblas_-1086326484,0.123261
GemmTunableOp_Half_TN,tn_4096_352_2560_ld_2560_2560_4096,Gemm_Rocblas_-1086326466,0.345854
GemmTunableOp_Half_TN,tn_24_352_2560_ld_2560_2560_24,Gemm_Rocblas_-1086326399,0.0241615
GemmTunableOp_Half_TN,tn_2560_352_1536_ld_1536_1536_2560,Gemm_Rocblas_-1086326234,0.157005
GemmTunableOp_Half_TN,tn_512_352_2560_ld_2560_2560_512,Gemm_Rocblas_-1086326316,0.071195
GemmTunableOp_Half_TN,tn_320_352_2560_ld_2560_2560_320,Gemm_Rocblas_-1086326318,0.0568848
GemmTunableOp_Half_TN,tn_2560_352_160_ld_160_160_2560,Gemm_Rocblas_-1086326309,0.0280572
GemmTunableOp_Half_NN,nn_1_352_2560_ld_1_2560_1,Gemm_Rocblas_-9,0.0139922
GemmTunableOp_Half_TN,tn_10240_352_2560_ld_2560_2560_10240,Gemm_Rocblas_-1086326457,0.927457
GemmTunableOp_Half_TN,tn_2560_352_2560_ld_2560_2560_2560,Gemm_Rocblas_-1086326466,0.259978
GemmTunableOp_Half_TN,tn_3584_352_2560_ld_2560_2560_3584,Default,0.309559
GemmTunableOp_Half_TN,tn_640_352_2560_ld_2560_2560_640,Gemm_Rocblas_-1086326317,0.093445
GemmTunableOp_Half_TN,tn_320_352_10240_ld_10240_10240_320,Gemm_Rocblas_-1086326318,0.177888
GemmTunableOp_Half_TN,tn_8192_2048_2560_ld_2560_2560_8192,Default,2.98585
GemmTunableOp_Half_TN,tn_5120_2048_2560_ld_2560_2560_5120,Gemm_Rocblas_-1086326229,2.36355
GemmTunableOp_Half_TN,tn_2560_2048_6144_ld_6144_6144_2560,Gemm_Rocblas_-1086326268,2.21646
GemmTunableOp_Half_TN,tn_1280_2048_2560_ld_2560_2560_1280,Gemm_Rocblas_-1086326466,0.612774
GemmTunableOp_Half_TN,tn_2560_2048_640_ld_640_640_2560,Default,0.231848
GemmTunableOp_Half_TN,tn_96_2048_2560_ld_2560_2560_96,Gemm_Rocblas_-1086326323,0.0919429
GemmTunableOp_Half_TN,tn_2560_8192_2560_ld_2560_2560_2560,Default,3.60163
GemmTunableOp_Half_TN,tn_2560_16_2560_ld_2560_2560_2560,Gemm_Rocblas_-1086326364,0.0596094
GemmTunableOp_Half_TN,tn_336_256_10240_ld_10240_10240_336,Gemm_Rocblas_-1086326323,0.146017
GemmTunableOp_Half_TN,tn_10240_256_320_ld_320_320_10240,Gemm_Rocblas_-1086326234,0.0712503
GemmTunableOp_Half_TN,tn_8192_256_2560_ld_2560_2560_8192,Gemm_Rocblas_-1086326457,0.39191
GemmTunableOp_Half_TN,tn_5120_256_2560_ld_2560_2560_5120,Gemm_Rocblas_-1086326457,0.2938
GemmTunableOp_Half_TN,tn_640_256_2560_ld_2560_2560_640,Gemm_Rocblas_-1086326326,0.0687999
GemmTunableOp_Half_TN,tn_2560_256_6144_ld_6144_6144_2560,Gemm_Rocblas_-1086326272,0.387822
GemmTunableOp_Half_TN,tn_512_256_2560_ld_2560_2560_512,Gemm_Rocblas_-1086326329,0.0534005
GemmTunableOp_Half_TN,tn_1280_256_2560_ld_2560_2560_1280,Gemm_Rocblas_-1086326322,0.104918
GemmTunableOp_Half_TN,tn_2560_256_640_ld_640_640_2560,Gemm_Rocblas_-1086326246,0.0549386
GemmTunableOp_Half_NN,nn_1_256_2560_ld_1_2560_1,Gemm_Rocblas_-9,0.0121789
GemmTunableOp_Half_TN,tn_96_256_2560_ld_2560_2560_96,Gemm_Rocblas_-1086326400,0.0379543
GemmTunableOp_Half_TN,tn_320_256_10240_ld_10240_10240_320,Gemm_Rocblas_-1086326329,0.146337
GemmTunableOp_Half_TN,tn_336_128_10240_ld_10240_10240_336,Gemm_Rocblas_-1086326328,0.12343
GemmTunableOp_Half_TN,tn_10240_128_320_ld_320_320_10240,Gemm_Rocblas_-1086326257,0.0483557
GemmTunableOp_Half_TN,tn_8192_128_2560_ld_2560_2560_8192,Gemm_Rocblas_-1086326466,0.243444
GemmTunableOp_Half_TN,tn_5120_128_2560_ld_2560_2560_5120,Gemm_Rocblas_-1086326317,0.19045
GemmTunableOp_Half_TN,tn_640_128_2560_ld_2560_2560_640,Gemm_Rocblas_-1086326323,0.0512133
GemmTunableOp_Half_TN,tn_2560_128_6144_ld_6144_6144_2560,Gemm_Rocblas_-1086326273,0.24638
GemmTunableOp_Half_TN,tn_512_128_2560_ld_2560_2560_512,Gemm_Rocblas_-1086326318,0.0454569
GemmTunableOp_Half_TN,tn_1280_128_2560_ld_2560_2560_1280,Gemm_Rocblas_-1086326323,0.0705964
GemmTunableOp_Half_TN,tn_2560_128_640_ld_640_640_2560,Gemm_Rocblas_-1086326443,0.0429669
GemmTunableOp_Half_NN,nn_1_128_2560_ld_1_2560_1,Gemm_Rocblas_-9,0.0127858
GemmTunableOp_Half_TN,tn_96_128_2560_ld_2560_2560_96,Gemm_Rocblas_-1086326399,0.0293903
GemmTunableOp_Half_TN,tn_320_128_10240_ld_10240_10240_320,Gemm_Rocblas_-1086326323,0.124152
GemmTunableOp_Half_TN,tn_336_64_10240_ld_10240_10240_336,Gemm_Rocblas_-1086326391,0.101882
GemmTunableOp_Half_TN,tn_10240_64_320_ld_320_320_10240,Gemm_Rocblas_-1086326451,0.0335796
GemmTunableOp_Half_TN,tn_8192_64_2560_ld_2560_2560_8192,Gemm_Rocblas_-1086326462,0.147052
GemmTunableOp_Half_TN,tn_5120_64_2560_ld_2560_2560_5120,Gemm_Rocblas_-1086326318,0.115546
GemmTunableOp_Half_TN,tn_640_64_2560_ld_2560_2560_640,Gemm_Rocblas_-1086326318,0.0433253
GemmTunableOp_Half_TN,tn_2560_64_6144_ld_6144_6144_2560,Gemm_Rocblas_-1086326323,0.140488
GemmTunableOp_Half_TN,tn_512_64_2560_ld_2560_2560_512,Gemm_Rocblas_-1086326394,0.0431176
GemmTunableOp_Half_TN,tn_1280_64_2560_ld_2560_2560_1280,Gemm_Rocblas_-1086326323,0.0531114
GemmTunableOp_Half_TN,tn_2560_64_640_ld_640_640_2560,Gemm_Rocblas_-1086326431,0.0316143
GemmTunableOp_Half_NN,nn_1_64_2560_ld_1_2560_1,Gemm_Rocblas_-9,0.0140637
GemmTunableOp_Half_TN,tn_96_64_2560_ld_2560_2560_96,Gemm_Rocblas_-1086326403,0.0246415
GemmTunableOp_Half_TN,tn_320_64_10240_ld_10240_10240_320,Gemm_Rocblas_-1086326391,0.101198
GemmTunableOp_Half_TN,tn_336_32_10240_ld_10240_10240_336,Gemm_Rocblas_-1086326393,0.0663943
GemmTunableOp_Half_TN,tn_10240_32_320_ld_320_320_10240,Gemm_Rocblas_-1086326432,0.0293819
GemmTunableOp_Half_TN,tn_8192_32_2560_ld_2560_2560_8192,Gemm_Rocblas_-1086326312,0.148762
GemmTunableOp_Half_TN,tn_5120_32_2560_ld_2560_2560_5120,Gemm_Rocblas_-1086326435,0.109776
GemmTunableOp_Half_TN,tn_640_32_2560_ld_2560_2560_640,Gemm_Rocblas_-1086326389,0.037448
GemmTunableOp_Half_TN,tn_2560_32_6144_ld_6144_6144_2560,Gemm_Rocblas_-1086326329,0.138
GemmTunableOp_Half_TN,tn_512_32_2560_ld_2560_2560_512,Gemm_Rocblas_-1086326399,0.0339431
GemmTunableOp_Half_TN,tn_1280_32_2560_ld_2560_2560_1280,Gemm_Rocblas_-1086326394,0.0511114
GemmTunableOp_Half_TN,tn_2560_32_640_ld_640_640_2560,Gemm_Rocblas_-1086326434,0.0286343
GemmTunableOp_Half_NN,nn_1_32_2560_ld_1_2560_1,Gemm_Rocblas_-9,0.0149494
GemmTunableOp_Half_TN,tn_96_32_2560_ld_2560_2560_96,Gemm_Rocblas_-1086326395,0.0243507
GemmTunableOp_Half_TN,tn_320_32_10240_ld_10240_10240_320,Gemm_Rocblas_-1086326389,0.0647207
GemmTunableOp_Half_TN,tn_336_16_10240_ld_10240_10240_336,Gemm_Rocblas_-1086326403,0.0595683
GemmTunableOp_Half_TN,tn_10240_16_320_ld_320_320_10240,Gemm_Rocblas_-1086326427,0.0290167
GemmTunableOp_Half_TN,tn_8192_16_2560_ld_2560_2560_8192,Gemm_Rocblas_-1086326233,0.140709
GemmTunableOp_Half_TN,tn_5120_16_2560_ld_2560_2560_5120,Gemm_Rocblas_-1086326473,0.0957787
GemmTunableOp_Half_TN,tn_640_16_2560_ld_2560_2560_640,Gemm_Rocblas_-1086326393,0.0243239
GemmTunableOp_Half_TN,tn_2560_16_6144_ld_6144_6144_2560,Gemm_Rocblas_-1086326346,0.125324
GemmTunableOp_Half_TN,tn_512_16_2560_ld_2560_2560_512,Gemm_Rocblas_-1086326393,0.0236711
GemmTunableOp_Half_TN,tn_1280_16_2560_ld_2560_2560_1280,Gemm_Rocblas_-1086326393,0.0378896
GemmTunableOp_Half_TN,tn_2560_16_640_ld_640_640_2560,Gemm_Rocblas_-1086326420,0.019187
GemmTunableOp_Half_NN,nn_1_16_2560_ld_1_2560_1,Gemm_Rocblas_-9,0.0148897
GemmTunableOp_Half_TN,tn_96_16_2560_ld_2560_2560_96,Gemm_Rocblas_-1086326390,0.0254494
GemmTunableOp_Half_TN,tn_320_16_10240_ld_10240_10240_320,Gemm_Rocblas_-1086326403,0.0595062
GemmTunableOp_Half_TN,tn_336_9_10240_ld_10240_10240_336,Gemm_Rocblas_-1086326403,0.0595651
GemmTunableOp_Half_TN,tn_10240_9_320_ld_320_320_10240,Gemm_Rocblas_-1086326361,0.0292075
GemmTunableOp_Half_TN,tn_8192_9_2560_ld_2560_2560_8192,Gemm_Rocblas_-1086326233,0.14016
GemmTunableOp_Half_TN,tn_5120_9_2560_ld_2560_2560_5120,Gemm_Rocblas_-1086326383,0.0956831
GemmTunableOp_Half_TN,tn_640_9_2560_ld_2560_2560_640,Gemm_Rocblas_-1086326399,0.0244575
GemmTunableOp_Half_TN,tn_2560_9_6144_ld_6144_6144_2560,Gemm_Rocblas_-1086326473,0.126054
GemmTunableOp_Half_TN,tn_512_9_2560_ld_2560_2560_512,Gemm_Rocblas_-1086326393,0.0238739
GemmTunableOp_Half_TN,tn_1280_9_2560_ld_2560_2560_1280,Gemm_Rocblas_-1086326393,0.038102
GemmTunableOp_Half_TN,tn_2560_9_640_ld_640_640_2560,Gemm_Rocblas_-1086326420,0.0192232
GemmTunableOp_Half_NN,nn_1_9_2560_ld_1_2560_1,Gemm_Rocblas_-9,0.0147949
GemmTunableOp_Half_TN,tn_96_9_2560_ld_2560_2560_96,Gemm_Rocblas_-1086326403,0.0260263
GemmTunableOp_Half_TN,tn_320_9_10240_ld_10240_10240_320,Gemm_Rocblas_-1086326403,0.0593807
GemmTunableOp_Half_TN,tn_2560_256_2560_ld_2560_2560_2560,Gemm_Rocblas_-1086326271,0.172026
GemmTunableOp_Half_TN,tn_2560_1024_2560_ld_2560_2560_2560,Gemm_Rocblas_-1086326250,0.511437
GemmTunableOp_Half_TN,tn_2560_128_2560_ld_2560_2560_2560,Gemm_Rocblas_-1086326317,0.104835
GemmTunableOp_Half_TN,tn_2560_64_2560_ld_2560_2560_2560,Gemm_Rocblas_-1086326329,0.0679704
GemmTunableOp_Half_TN,tn_2560_32_2560_ld_2560_2560_2560,Gemm_Rocblas_-1086326435,0.0720452
GemmTunableOp_Half_TN,tn_2560_9_2560_ld_2560_2560_2560,Gemm_Rocblas_-1086326473,0.0599671
GemmTunableOp_Half_TN,tn_2560_36_2560_ld_2560_2560_2560,Gemm_Rocblas_-1086326329,0.0724352
GemmTunableOp_Half_TN,tn_2560_24_2560_ld_2560_2560_2560,Gemm_Rocblas_-1086326329,0.0687272
GemmTunableOp_Half_TN,tn_2560_12_2560_ld_2560_2560_2560,Gemm_Rocblas_-1086326346,0.0600327
GemmTunableOp_Half_TN,tn_640_12_2560_ld_2560_2560_640,Gemm_Rocblas_-1086326399,0.0244619
GemmTunableOp_Half_TN,tn_8192_12_2560_ld_2560_2560_8192,Gemm_Rocblas_-1086326233,0.140511
GemmTunableOp_Half_TN,tn_640_74_2560_ld_2560_2560_640,Gemm_Rocblas_-1086326329,0.0502978
GemmTunableOp_Half_TN,tn_640_150_2560_ld_2560_2560_640,Gemm_Rocblas_-1086326318,0.0565975
GemmTunableOp_Half_TN,tn_336_300_10240_ld_10240_10240_336,Gemm_Rocblas_-1086326322,0.149578
GemmTunableOp_Half_TN,tn_10240_300_320_ld_320_320_10240,Gemm_Rocblas_-1086326234,0.100126
GemmTunableOp_Half_TN,tn_8192_300_2560_ld_2560_2560_8192,Gemm_Rocblas_-1086326466,0.699406
GemmTunableOp_Half_TN,tn_5120_300_2560_ld_2560_2560_5120,Gemm_Rocblas_-1086326466,0.438354
GemmTunableOp_Half_TN,tn_640_300_2560_ld_2560_2560_640,Gemm_Rocblas_-1086326317,0.0816306
GemmTunableOp_Half_TN,tn_2560_300_6144_ld_6144_6144_2560,Gemm_Rocblas_-1086326286,0.492759
GemmTunableOp_Half_TN,tn_512_300_2560_ld_2560_2560_512,Gemm_Rocblas_-1086326329,0.0677536
GemmTunableOp_Half_TN,tn_1280_300_2560_ld_2560_2560_1280,Gemm_Rocblas_-1086326235,0.138188
GemmTunableOp_Half_TN,tn_2560_300_640_ld_640_640_2560,Default,0.065046
GemmTunableOp_Half_NN,nn_1_300_2560_ld_1_2560_1,Gemm_Rocblas_-9,0.0138934
GemmTunableOp_Half_TN,tn_96_300_2560_ld_2560_2560_96,Gemm_Rocblas_-1086326394,0.0430069
GemmTunableOp_Half_TN,tn_320_300_10240_ld_10240_10240_320,Gemm_Rocblas_-1086326317,0.14868
GemmTunableOp_Half_TN,tn_2560_300_2560_ld_2560_2560_2560,Default,0.22528
GemmTunableOp_Half_TN,tn_2560_1200_2560_ld_2560_2560_2560,Gemm_Rocblas_-1086326236,0.746834
GemmTunableOp_Half_TN,tn_336_450_10240_ld_10240_10240_336,Gemm_Rocblas_-1086326318,0.232183
GemmTunableOp_Half_TN,tn_10240_450_320_ld_320_320_10240,Default,0.147298
GemmTunableOp_Half_TN,tn_8192_450_2560_ld_2560_2560_8192,Default,0.879242
GemmTunableOp_Half_TN,tn_5120_450_2560_ld_2560_2560_5120,Gemm_Rocblas_-1086326457,0.608873
GemmTunableOp_Half_TN,tn_640_450_2560_ld_2560_2560_640,Gemm_Rocblas_-1086326317,0.114847
GemmTunableOp_Half_TN,tn_2560_450_6144_ld_6144_6144_2560,Gemm_Rocblas_-1086326457,0.733825
GemmTunableOp_Half_TN,tn_512_450_2560_ld_2560_2560_512,Gemm_Rocblas_-1086326317,0.0832198
GemmTunableOp_Half_TN,tn_1280_450_2560_ld_2560_2560_1280,Gemm_Rocblas_-1086326322,0.193343
GemmTunableOp_Half_TN,tn_2560_450_640_ld_640_640_2560,Gemm_Rocblas_-1086326484,0.0965196
GemmTunableOp_Half_NN,nn_1_450_2560_ld_1_2560_1,Gemm_Rocblas_-9,0.0143614
GemmTunableOp_Half_TN,tn_96_450_2560_ld_2560_2560_96,Gemm_Rocblas_-1086326328,0.0435418
GemmTunableOp_Half_TN,tn_320_450_10240_ld_10240_10240_320,Gemm_Rocblas_-1086326271,0.230164
GemmTunableOp_Half_TN,tn_2560_450_2560_ld_2560_2560_2560,Default,0.336878
GemmTunableOp_Half_TN,tn_2560_1800_2560_ld_2560_2560_2560,Gemm_Rocblas_-1086326252,1.15177
GemmTunableOp_Half_TN,tn_336_600_10240_ld_10240_10240_336,Gemm_Rocblas_-1086326271,0.240788
GemmTunableOp_Half_TN,tn_10240_600_320_ld_320_320_10240,Default,0.1611
GemmTunableOp_Half_TN,tn_8192_600_2560_ld_2560_2560_8192,Gemm_Rocblas_-1086326466,1.09972
GemmTunableOp_Half_TN,tn_5120_600_2560_ld_2560_2560_5120,Default,0.712949
GemmTunableOp_Half_TN,tn_640_600_2560_ld_2560_2560_640,Gemm_Rocblas_-1086326271,0.133908
GemmTunableOp_Half_TN,tn_2560_600_6144_ld_6144_6144_2560,Default,0.819383
GemmTunableOp_Half_TN,tn_512_600_2560_ld_2560_2560_512,Gemm_Rocblas_-1086326323,0.114131
GemmTunableOp_Half_TN,tn_1280_600_2560_ld_2560_2560_1280,Gemm_Rocblas_-1086326266,0.242407
GemmTunableOp_Half_TN,tn_2560_600_640_ld_640_640_2560,Default,0.105611
GemmTunableOp_Half_NN,nn_1_600_2560_ld_1_2560_1,Gemm_Rocblas_-9,0.0164358
GemmTunableOp_Half_TN,tn_96_600_2560_ld_2560_2560_96,Gemm_Rocblas_-1086326325,0.051285
GemmTunableOp_Half_TN,tn_320_600_10240_ld_10240_10240_320,Gemm_Rocblas_-1086326271,0.237983
GemmTunableOp_Half_TN,tn_2560_600_2560_ld_2560_2560_2560,Default,0.353435
GemmTunableOp_Half_TN,tn_2560_2400_2560_ld_2560_2560_2560,Default,1.499
GemmTunableOp_Half_TN,tn_336_800_10240_ld_10240_10240_336,Gemm_Rocblas_-1086326271,0.395606
GemmTunableOp_Half_TN,tn_10240_800_320_ld_320_320_10240,Default,0.221224
GemmTunableOp_Half_TN,tn_8192_800_2560_ld_2560_2560_8192,Gemm_Rocblas_-1086326466,1.52899
GemmTunableOp_Half_TN,tn_5120_800_2560_ld_2560_2560_5120,Gemm_Rocblas_-1086326457,1.01165
GemmTunableOp_Half_TN,tn_640_800_2560_ld_2560_2560_640,Gemm_Rocblas_-1086326267,0.150952
GemmTunableOp_Half_TN,tn_2560_800_6144_ld_6144_6144_2560,Gemm_Rocblas_-1086326266,1.13855
GemmTunableOp_Half_TN,tn_512_800_2560_ld_2560_2560_512,Gemm_Rocblas_-1086326271,0.130397
GemmTunableOp_Half_TN,tn_1280_800_2560_ld_2560_2560_1280,Gemm_Rocblas_-1086326466,0.249424
GemmTunableOp_Half_TN,tn_2560_800_640_ld_640_640_2560,Gemm_Rocblas_-1086326260,0.134776
GemmTunableOp_Half_NN,nn_1_800_2560_ld_1_2560_1,Gemm_Rocblas_-9,0.0169366
GemmTunableOp_Half_TN,tn_96_800_2560_ld_2560_2560_96,Gemm_Rocblas_-1086326325,0.0534951
GemmTunableOp_Half_TN,tn_320_800_10240_ld_10240_10240_320,Gemm_Rocblas_-1086326329,0.401443
GemmTunableOp_Half_TN,tn_2560_800_2560_ld_2560_2560_2560,Default,0.512931
GemmTunableOp_Half_TN,tn_2560_3200_2560_ld_2560_2560_2560,Gemm_Rocblas_-1086326229,2.02481
GemmTunableOp_Half_TN,tn_336_1000_10240_ld_10240_10240_336,Gemm_Rocblas_-1086326271,0.426927
GemmTunableOp_Half_TN,tn_10240_1000_320_ld_320_320_10240,Default,0.279013
GemmTunableOp_Half_TN,tn_8192_1000_2560_ld_2560_2560_8192,Default,1.66158
GemmTunableOp_Half_TN,tn_5120_1000_2560_ld_2560_2560_5120,Gemm_Rocblas_-1086326236,1.12866
GemmTunableOp_Half_TN,tn_640_1000_2560_ld_2560_2560_640,Gemm_Rocblas_-1086326271,0.206192
GemmTunableOp_Half_TN,tn_2560_1000_6144_ld_6144_6144_2560,Gemm_Rocblas_-1086326268,1.44005
GemmTunableOp_Half_TN,tn_512_1000_2560_ld_2560_2560_512,Gemm_Rocblas_-1086326287,0.147522
GemmTunableOp_Half_TN,tn_1280_1000_2560_ld_2560_2560_1280,Gemm_Rocblas_-1086326466,0.337899
GemmTunableOp_Half_TN,tn_2560_1000_640_ld_640_640_2560,Gemm_Rocblas_-1086326484,0.162955
GemmTunableOp_Half_NN,nn_1_1000_2560_ld_1_2560_1,Gemm_Rocblas_-9,0.019339
GemmTunableOp_Half_TN,tn_96_1000_2560_ld_2560_2560_96,Gemm_Rocblas_-1086326328,0.0572315
GemmTunableOp_Half_TN,tn_320_1000_10240_ld_10240_10240_320,Gemm_Rocblas_-1086326271,0.432198
GemmTunableOp_Half_TN,tn_2560_1000_2560_ld_2560_2560_2560,Gemm_Rocblas_-1086326466,0.639699
GemmTunableOp_Half_TN,tn_2560_4000_2560_ld_2560_2560_2560,Gemm_Rocblas_-1086326229,2.52593
GemmTunableOp_Half_TN,tn_336_1300_10240_ld_10240_10240_336,Gemm_Rocblas_-1086326287,0.523884
GemmTunableOp_Half_TN,tn_10240_1300_320_ld_320_320_10240,Default,0.405195
GemmTunableOp_Half_TN,tn_8192_1300_2560_ld_2560_2560_8192,Gemm_Rocblas_-1086326457,2.28053
GemmTunableOp_Half_TN,tn_5120_1300_2560_ld_2560_2560_5120,Gemm_Rocblas_-1086326457,1.70019
GemmTunableOp_Half_TN,tn_640_1300_2560_ld_2560_2560_640,Gemm_Rocblas_-1086326466,0.246578
GemmTunableOp_Half_TN,tn_2560_1300_6144_ld_6144_6144_2560,Gemm_Rocblas_-1086326268,2.04559
GemmTunableOp_Half_TN,tn_512_1300_2560_ld_2560_2560_512,Gemm_Rocblas_-1086326271,0.206053
GemmTunableOp_Half_TN,tn_1280_1300_2560_ld_2560_2560_1280,Gemm_Rocblas_-1086326466,0.444428
GemmTunableOp_Half_TN,tn_2560_1300_640_ld_640_640_2560,Gemm_Rocblas_-1086326484,0.200909
GemmTunableOp_Half_NN,nn_1_1300_2560_ld_1_2560_1,Gemm_Rocblas_-9,0.0217815
GemmTunableOp_Half_TN,tn_96_1300_2560_ld_2560_2560_96,Gemm_Rocblas_-1086326315,0.0703565
GemmTunableOp_Half_TN,tn_320_1300_10240_ld_10240_10240_320,Gemm_Rocblas_-1086326287,0.536326
GemmTunableOp_Half_TN,tn_2560_1300_2560_ld_2560_2560_2560,Gemm_Rocblas_-1086326466,0.841405
GemmTunableOp_Half_TN,tn_2560_5200_2560_ld_2560_2560_2560,Gemm_Rocblas_-1086326229,3.32838
GemmTunableOp_Half_TN,tn_336_1600_10240_ld_10240_10240_336,Gemm_Rocblas_-1086326271,0.722206
GemmTunableOp_Half_TN,tn_10240_1600_320_ld_320_320_10240,Default,0.462922
GemmTunableOp_Half_TN,tn_8192_1600_2560_ld_2560_2560_8192,Default,2.69042
GemmTunableOp_Half_TN,tn_5120_1600_2560_ld_2560_2560_5120,Gemm_Rocblas_-1086326229,2.04522
GemmTunableOp_Half_TN,tn_640_1600_2560_ld_2560_2560_640,Gemm_Rocblas_-1086326466,0.261234
GemmTunableOp_Half_TN,tn_2560_1600_6144_ld_6144_6144_2560,Gemm_Rocblas_-1086326268,2.44181
GemmTunableOp_Half_TN,tn_512_1600_2560_ld_2560_2560_512,Gemm_Rocblas_-1086326286,0.238897
GemmTunableOp_Half_TN,tn_1280_1600_2560_ld_2560_2560_1280,Gemm_Rocblas_-1086326236,0.488403
GemmTunableOp_Half_TN,tn_2560_1600_640_ld_640_640_2560,Default,0.228394
GemmTunableOp_Half_NN,nn_1_1600_2560_ld_1_2560_1,Gemm_Rocblas_-9,0.0298052
GemmTunableOp_Half_TN,tn_96_1600_2560_ld_2560_2560_96,Gemm_Rocblas_-1086326315,0.0802934
GemmTunableOp_Half_TN,tn_320_1600_10240_ld_10240_10240_320,Gemm_Rocblas_-1086326297,0.690184
GemmTunableOp_Half_TN,tn_2560_1600_2560_ld_2560_2560_2560,Default,1.01127
GemmTunableOp_Half_TN,tn_2560_6400_2560_ld_2560_2560_2560,Gemm_Rocblas_-1086326456,4.02206
GemmTunableOp_Half_TN,tn_336_1900_10240_ld_10240_10240_336,Gemm_Rocblas_-1086326273,0.776675
GemmTunableOp_Half_TN,tn_10240_1900_320_ld_320_320_10240,Default,0.56196
GemmTunableOp_Half_TN,tn_8192_1900_2560_ld_2560_2560_8192,Default,3.64951
GemmTunableOp_Half_TN,tn_5120_1900_2560_ld_2560_2560_5120,Gemm_Rocblas_-1086326229,2.1885
GemmTunableOp_Half_TN,tn_640_1900_2560_ld_2560_2560_640,Gemm_Rocblas_-1086326466,0.341059
GemmTunableOp_Half_TN,tn_2560_1900_6144_ld_6144_6144_2560,Gemm_Rocblas_-1086326252,2.6858
GemmTunableOp_Half_TN,tn_512_1900_2560_ld_2560_2560_512,Gemm_Rocblas_-1086326466,0.252202
GemmTunableOp_Half_TN,tn_1280_1900_2560_ld_2560_2560_1280,Gemm_Rocblas_-1086326235,0.526997
GemmTunableOp_Half_TN,tn_2560_1900_640_ld_640_640_2560,Default,0.28382
GemmTunableOp_Half_NN,nn_1_1900_2560_ld_1_2560_1,Gemm_Rocblas_-9,0.0311672
GemmTunableOp_Half_TN,tn_96_1900_2560_ld_2560_2560_96,Gemm_Rocblas_-1086326315,0.0914772
GemmTunableOp_Half_TN,tn_320_1900_10240_ld_10240_10240_320,Gemm_Rocblas_-1086326273,0.801824
GemmTunableOp_Half_TN,tn_2560_1900_2560_ld_2560_2560_2560,Default,1.20644
GemmTunableOp_Half_TN,tn_2560_7600_2560_ld_2560_2560_2560,Gemm_Rocblas_-1086326229,4.74664
GemmTunableOp_Half_TN,tn_336_453_10240_ld_10240_10240_336,Gemm_Rocblas_-1086326271,0.235126
GemmTunableOp_Half_TN,tn_10240_453_320_ld_320_320_10240,Default,0.14756
GemmTunableOp_Half_TN,tn_8192_453_2560_ld_2560_2560_8192,Default,0.932372
GemmTunableOp_Half_TN,tn_5120_453_2560_ld_2560_2560_5120,Gemm_Rocblas_-1086326457,0.618148
GemmTunableOp_Half_TN,tn_640_453_2560_ld_2560_2560_640,Gemm_Rocblas_-1086326322,0.11749
GemmTunableOp_Half_TN,tn_2560_453_6144_ld_6144_6144_2560,Gemm_Rocblas_-1086326457,0.748917
GemmTunableOp_Half_TN,tn_512_453_2560_ld_2560_2560_512,Gemm_Rocblas_-1086326316,0.0848523
GemmTunableOp_Half_TN,tn_1280_453_2560_ld_2560_2560_1280,Gemm_Rocblas_-1086326322,0.207229
GemmTunableOp_Half_TN,tn_2560_453_640_ld_640_640_2560,Gemm_Rocblas_-1086326484,0.0967752
GemmTunableOp_Half_NN,nn_1_453_2560_ld_1_2560_1,Gemm_Rocblas_-9,0.0143754
GemmTunableOp_Half_TN,tn_96_453_2560_ld_2560_2560_96,Gemm_Rocblas_-1086326328,0.0434898
GemmTunableOp_Half_TN,tn_320_453_10240_ld_10240_10240_320,Gemm_Rocblas_-1086326323,0.227531
GemmTunableOp_Half_TN,tn_2560_453_2560_ld_2560_2560_2560,Default,0.335994
GemmTunableOp_Half_TN,tn_8192_952_2560_ld_2560_2560_8192,Default,1.39209
GemmTunableOp_Half_TN,tn_5120_952_2560_ld_2560_2560_5120,Gemm_Rocblas_-1086326236,1.14876
GemmTunableOp_Half_TN,tn_2560_952_6144_ld_6144_6144_2560,Gemm_Rocblas_-1086326268,1.51373
GemmTunableOp_Half_TN,tn_1280_952_2560_ld_2560_2560_1280,Gemm_Rocblas_-1086326466,0.346547
GemmTunableOp_Half_TN,tn_2560_952_640_ld_640_640_2560,Default,0.160454
GemmTunableOp_Half_TN,tn_96_952_2560_ld_2560_2560_96,Gemm_Rocblas_-1086326328,0.0565363
GemmTunableOp_Half_TN,tn_2560_3808_2560_ld_2560_2560_2560,Gemm_Rocblas_-1086326229,2.39569
GemmTunableOp_Half_TN,tn_640_240_2560_ld_2560_2560_640,Gemm_Rocblas_-1086326321,0.0713489
GemmTunableOp_Half_TN,tn_336_1905_10240_ld_10240_10240_336,Gemm_Rocblas_-1086326273,0.773911
GemmTunableOp_Half_TN,tn_10240_1905_320_ld_320_320_10240,Default,0.558199
GemmTunableOp_Half_TN,tn_8192_1905_2560_ld_2560_2560_8192,Default,3.61028
GemmTunableOp_Half_TN,tn_5120_1905_2560_ld_2560_2560_5120,Gemm_Rocblas_-1086326229,2.1931
GemmTunableOp_Half_TN,tn_640_1905_2560_ld_2560_2560_640,Default,0.342176
GemmTunableOp_Half_TN,tn_2560_1905_6144_ld_6144_6144_2560,Gemm_Rocblas_-1086326268,2.69879
GemmTunableOp_Half_TN,tn_512_1905_2560_ld_2560_2560_512,Gemm_Rocblas_-1086326466,0.251408
GemmTunableOp_Half_TN,tn_1280_1905_2560_ld_2560_2560_1280,Gemm_Rocblas_-1086326466,0.614245
GemmTunableOp_Half_TN,tn_2560_1905_640_ld_640_640_2560,Default,0.288375
GemmTunableOp_Half_NN,nn_1_1905_2560_ld_1_2560_1,Gemm_Rocblas_-9,0.0311668
GemmTunableOp_Half_TN,tn_96_1905_2560_ld_2560_2560_96,Gemm_Rocblas_-1086326315,0.0918928
GemmTunableOp_Half_TN,tn_320_1905_10240_ld_10240_10240_320,Gemm_Rocblas_-1086326273,0.799608
GemmTunableOp_Half_TN,tn_2560_1905_2560_ld_2560_2560_2560,Default,1.20974
GemmTunableOp_Half_TN,tn_2560_7620_2560_ld_2560_2560_2560,Gemm_Rocblas_-1086326456,4.67683
GemmTunableOp_Half_TN,tn_336_1760_10240_ld_10240_10240_336,Gemm_Rocblas_-1086326271,0.743235
GemmTunableOp_Half_TN,tn_10240_1760_320_ld_320_320_10240,Default,0.483443
GemmTunableOp_Half_TN,tn_8192_1760_2560_ld_2560_2560_8192,Gemm_Rocblas_-1086326252,3.3676
GemmTunableOp_Half_TN,tn_5120_1760_2560_ld_2560_2560_5120,Default,1.98929
GemmTunableOp_Half_TN,tn_640_1760_2560_ld_2560_2560_640,Gemm_Rocblas_-1086326236,0.269251
GemmTunableOp_Half_TN,tn_2560_1760_6144_ld_6144_6144_2560,Gemm_Rocblas_-1086326268,2.46303
GemmTunableOp_Half_TN,tn_512_1760_2560_ld_2560_2560_512,Gemm_Rocblas_-1086326268,0.24256
GemmTunableOp_Half_TN,tn_1280_1760_2560_ld_2560_2560_1280,Gemm_Rocblas_-1086326236,0.477739
GemmTunableOp_Half_TN,tn_2560_1760_640_ld_640_640_2560,Default,0.246054
GemmTunableOp_Half_NN,nn_1_1760_2560_ld_1_2560_1,Gemm_Rocblas_-9,0.0305872
GemmTunableOp_Half_TN,tn_96_1760_2560_ld_2560_2560_96,Gemm_Rocblas_-1086326315,0.0888707
GemmTunableOp_Half_TN,tn_320_1760_10240_ld_10240_10240_320,Gemm_Rocblas_-1086326297,0.727724
GemmTunableOp_Half_TN,tn_2560_1760_2560_ld_2560_2560_2560,Default,0.907861
GemmTunableOp_Half_TN,tn_2560_7040_2560_ld_2560_2560_2560,Gemm_Rocblas_-1086326229,4.41655
GemmTunableOp_Half_TN,tn_336_356_10240_ld_10240_10240_336,Gemm_Rocblas_-1086326318,0.16016
GemmTunableOp_Half_TN,tn_10240_356_320_ld_320_320_10240,Gemm_Rocblas_-1086326484,0.121525
GemmTunableOp_Half_TN,tn_8192_356_2560_ld_2560_2560_8192,Gemm_Rocblas_-1086326466,0.745931
GemmTunableOp_Half_TN,tn_5120_356_2560_ld_2560_2560_5120,Gemm_Rocblas_-1086326457,0.481274
GemmTunableOp_Half_TN,tn_640_356_2560_ld_2560_2560_640,Gemm_Rocblas_-1086326273,0.0924096
GemmTunableOp_Half_TN,tn_2560_356_6144_ld_6144_6144_2560,Gemm_Rocblas_-1086326457,0.56618
GemmTunableOp_Half_TN,tn_512_356_2560_ld_2560_2560_512,Gemm_Rocblas_-1086326316,0.0712233
GemmTunableOp_Half_TN,tn_1280_356_2560_ld_2560_2560_1280,Gemm_Rocblas_-1086326267,0.15011
GemmTunableOp_Half_TN,tn_2560_356_640_ld_640_640_2560,Gemm_Rocblas_-1086326466,0.0790014
GemmTunableOp_Half_NN,nn_1_356_2560_ld_1_2560_1,Gemm_Rocblas_-9,0.0141398
GemmTunableOp_Half_TN,tn_96_356_2560_ld_2560_2560_96,Gemm_Rocblas_-1086326400,0.0439446
GemmTunableOp_Half_TN,tn_320_356_10240_ld_10240_10240_320,Gemm_Rocblas_-1086326318,0.156142
GemmTunableOp_Half_TN,tn_2560_356_2560_ld_2560_2560_2560,Default,0.235103
GemmTunableOp_Half_TN,tn_2560_1424_2560_ld_2560_2560_2560,Default,0.914804
